id,author_id,created_at,lang,tweet_type,source,source_link,retweet_count,favorite_count,quote_count,reply_count,linked_tweet,linked_user,sensitive,access
991691636999708672,755390902064078848,2018-05-02 14:51:25,tr,retweet,Twitter for iPhone,http://twitter.com/download/iphone,0,0,0,0,991102360733745157,2323137780,False,2018-05-02 14:51:25
991102360733745157,2323137780,2018-04-30 23:49:51,tr,tweet,Twitter for Android,http://twitter.com/download/android,65,45,3,5,,,False,2018-05-02 14:51:25
991686033669488640,975074658331627522,2018-05-02 14:29:09,tr,reply,Twitter for Android,http://twitter.com/download/android,0,0,0,0,991678616462348288,1016063701,False,2018-05-02 14:52:15
991691846731649025,1016063701,2018-05-02 14:52:15,tr,quote,Twitter Lite,https://mobile.twitter.com,0,0,0,0,991686033669488640,975074658331627522,False,2018-05-02 14:52:15
991692102588403713,825016420803235841,2018-05-02 14:53:16,und,retweet,Twitter for iPhone,http://twitter.com/download/iphone,0,0,0,0,991314489885839360,869193235918454786,False,2018-05-02 14:53:16
991433704575852544,847735496633536512,2018-05-01 21:46:29,en,reply,Twitter for iPhone,http://twitter.com/download/iphone,21,17,0,0,991433449704747008,847735496633536512,False,2018-05-02 14:53:49
991692241004527618,634806413,2018-05-02 14:53:49,en,retweet,Twitter Web Client,http://twitter.com,0,0,0,0,991433704575852544,847735496633536512,False,2018-05-02 14:53:49
991692803041316865,911604369551917061,2018-05-02 14:56:03,tr,retweet,Twitter for Android,http://twitter.com/download/android,0,0,0,0,991617533194227712,487834443,False,2018-05-02 14:56:03
991694254278959104,4341845536,2018-05-02 15:01:49,tr,tweet,Twitter for Android,http://twitter.com/download/android,0,0,0,0,,,False,2018-05-02 15:01:49
991649165460541442,919273451743076353,2018-05-02 12:02:39,en,quote,Twitter Web Client,http://twitter.com,7,5,0,0,991646124489498624,2574890250,True,2018-05-02 15:11:33
991696703752364033,2672595537,2018-05-02 15:11:33,en,retweet,Twitter for Android,http://twitter.com/download/android,0,0,0,0,991649165460541442,919273451743076353,False,2018-05-02 15:11:33
991646124489498624,2574890250,2018-05-02 11:50:34,ar,tweet,Twitter for iPhone,http://twitter.com/download/iphone,1,8,1,0,,,False,2018-05-02 15:11:33
991697685215432704,761666619617714176,2018-05-02 15:15:27,tr,retweet,Twitter for Android,http://twitter.com/download/android,0,0,0,0,991664937457070080,311118058,False,2018-05-02 15:15:27
991699086108577792,226224091,2018-05-02 15:21:01,en,quote,Twitter Lite,https://mobile.twitter.com,0,0,0,0,991512017667174400,2596413645,False,2018-05-02 15:21:01
991512017667174400,2596413645,2018-05-02 02:57:41,en,tweet,Twitter for iPhone,http://twitter.com/download/iphone,314,519,19,30,,,False,2018-05-02 15:21:01
991700180813656065,562879928,2018-05-02 15:25:22,en,retweet,Twitter for iPhone,http://twitter.com/download/iphone,0,0,0,0,991476607251460096,738153522277945344,False,2018-05-02 15:25:22
991476607251460096,738153522277945344,2018-05-02 00:36:58,en,tweet,Twitter for Android,http://twitter.com/download/android,204,269,3,5,,,False,2018-05-02 15:25:22
991701745293254656,981737728273534976,2018-05-02 15:31:35,und,retweet,Twitter for Android,http://twitter.com/download/android,0,0,0,0,991558444195991552,871909680452444161,False,2018-05-02 15:31:35
991558444195991552,871909680452444161,2018-05-02 06:02:10,und,tweet,Twitter for Android,http://twitter.com/download/android,52,219,0,9,,,False,2018-05-02 15:31:35
991703028767051777,597769317,2018-05-02 15:36:41,tr,retweet,Twitter for iPad,http://twitter.com/#!/download/ipad,0,0,0,0,991553694788476928,2294131202,False,2018-05-02 15:36:41
991553694788476928,2294131202,2018-05-02 05:43:17,tr,tweet,Twitter Web Client,http://twitter.com,592,786,11,118,,,False,2018-05-02 15:36:41
991703421207154688,2481491973,2018-05-02 15:38:15,en,reply,Twitter for iPhone,http://twitter.com/download/iphone,1,1,0,0,991694132795072512,897619242,False,2018-05-02 15:41:50
991704324773433345,897619242,2018-05-02 15:41:50,en,retweet,Twitter Web Client,http://twitter.com,0,0,0,0,991703421207154688,2481491973,False,2018-05-02 15:41:50
991704819696975872,783003310219464704,2018-05-02 15:43:48,tr,retweet,Twitter for Android,http://twitter.com/download/android,0,0,0,0,991640533771534337,3438438843,False,2018-05-02 15:43:48
991640533771534337,3438438843,2018-05-02 11:28:21,tr,tweet,Twitter Lite,https://mobile.twitter.com,126,104,5,7,,,False,2018-05-02 15:43:48
991557250656407552,3685392135,2018-05-02 05:57:25,tr,tweet,Twitter for Android,http://twitter.com/download/android,6,8,0,0,,,False,2018-05-02 15:47:39
991705788602310656,945534542424756226,2018-05-02 15:47:39,tr,retweet,Twitter for iPhone,http://twitter.com/download/iphone,0,0,0,0,991557250656407552,3685392135,False,2018-05-02 15:47:39
991705826359377922,412463058,2018-05-02 15:47:48,tr,retweet,Twitter for Android,http://twitter.com/download/android,0,0,0,0,991431912953733121,526110917,False,2018-05-02 15:47:48
991431912953733121,526110917,2018-05-01 21:39:22,tr,quote,Twitter for iPhone,http://twitter.com/download/iphone,119,90,2,10,991431323716857857,57039681,True,2018-05-02 15:47:48
991706363205210112,971604575701565441,2018-05-02 15:49:56,en,retweet,Twitter for iPhone,http://twitter.com/download/iphone,0,0,0,0,991705917476474881,954124423,False,2018-05-02 15:49:56
991705917476474881,954124423,2018-05-02 15:48:10,en,tweet,Twitter Web Client,http://twitter.com,11,12,0,2,,,False,2018-05-02 15:50:14
991706438723686403,313246922,2018-05-02 15:50:14,en,retweet,Twitter for iPhone,http://twitter.com/download/iphone,0,0,0,0,991705917476474881,954124423,False,2018-05-02 15:50:14
991707197867356160,832441166058500096,2018-05-02 15:53:15,en,retweet,Twitter for Android,http://twitter.com/download/android,0,0,0,0,991704664403046400,954124423,False,2018-05-02 15:53:15
991708695242342402,929420084682067969,2018-05-02 15:59:12,tr,retweet,Twitter for Android,http://twitter.com/download/android,0,0,0,0,991689003408740352,487834443,False,2018-05-02 15:59:12
991698032214396928,248829087,2018-05-02 15:16:50,tr,quote,Twitter for iPhone,http://twitter.com/download/iphone,14,8,0,3,991521489731182592,1494034783,False,2018-05-02 16:01:02
991521489731182592,1494034783,2018-05-02 03:35:19,tr,tweet,TweetDeck,https://about.twitter.com/products/tweetdeck,53,191,40,30,,,False,2018-05-02 16:01:02
991709156645236736,2385672272,2018-05-02 16:01:02,tr,retweet,Twitter for iPhone,http://twitter.com/download/iphone,0,0,0,0,991698032214396928,248829087,False,2018-05-02 16:01:02
991709328611725312,761337419392290816,2018-05-02 16:01:43,tr,retweet,Twitter for Android,http://twitter.com/download/android,0,0,0,0,991708914029940736,326003773,False,2018-05-02 16:01:43
991710188418813954,849368218326138880,2018-05-02 16:05:08,tr,retweet,Twitter for iPhone,http://twitter.com/download/iphone,0,0,0,0,991708914029940736,326003773,False,2018-05-02 16:05:08
991711677384142853,1017662618,2018-05-02 16:11:03,en,retweet,Twitter for iPhone,http://twitter.com/download/iphone,0,0,0,0,991707064283156480,954124423,False,2018-05-02 16:11:03
991707064283156480,954124423,2018-05-02 15:52:43,en,tweet,Twitter Web Client,http://twitter.com,60,75,2,19,,,False,2018-05-02 16:11:03
991712457528836097,597769317,2018-05-02 16:14:09,tr,retweet,Twitter for iPad,http://twitter.com/#!/download/ipad,0,0,0,0,991683366671052801,812656050960732161,False,2018-05-02 16:14:09
991683366671052801,812656050960732161,2018-05-02 14:18:33,tr,tweet,Twitter for Android,http://twitter.com/download/android,1,5,0,2,,,False,2018-05-02 16:14:09
991712671446847494,828627471608184832,2018-05-02 16:15:00,en,tweet,Breivik Manifesto Bot,https://twitter.com/anderbot_,0,0,0,0,,,False,2018-05-02 16:15:00
991150407463374848,2252893931,2018-05-01 03:00:46,tr,tweet,Twitter for Android,http://twitter.com/download/android,45,29,1,0,,,False,2018-05-02 16:16:33
991713061542211584,825682538416971778,2018-05-02 16:16:33,tr,retweet,Twitter for Android,http://twitter.com/download/android,0,0,0,0,991150407463374848,2252893931,False,2018-05-02 16:16:33
968061890344693760,833263613276200962,2018-02-26 09:55:15,ur,tweet,Twitter for Android,http://twitter.com/download/android,38,114,1,5,,,False,2018-05-02 16:18:40
991713594202099713,982669803444940800,2018-05-02 16:18:40,ur,retweet,Twitter Web Client,http://twitter.com,0,0,0,0,968061890344693760,833263613276200962,False,2018-05-02 16:18:40
991712260560244736,232108392,2018-05-02 16:13:22,en,quote,Twitter for Android,http://twitter.com/download/android,10,27,0,2,991472697313054722,3709329729,False,2018-05-02 16:20:21
991714017826754560,129314386,2018-05-02 16:20:21,en,retweet,Twitter for Android,http://twitter.com/download/android,0,0,0,0,991712260560244736,232108392,False,2018-05-02 16:20:21
991472697313054722,3709329729,2018-05-02 00:21:26,en,tweet,Twitter for Android,http://twitter.com/download/android,20,21,6,4,,,False,2018-05-02 16:20:21
991714164619071488,4866566489,2018-05-02 16:20:56,en,retweet,Twitter for iPhone,http://twitter.com/download/iphone,0,0,0,0,990386281288028160,18118505,False,2018-05-02 16:20:56
990386281288028160,18118505,2018-04-29 00:24:24,en,tweet,WordPress.com,http://publicize.wp.com/,32,41,2,6,,,True,2018-05-02 16:20:56
991714667960643584,932250638439854080,2018-05-02 16:22:56,en,retweet,Twitter for Android,http://twitter.com/download/android,0,0,0,0,991704664403046400,954124423,False,2018-05-02 16:22:56
991716295333830658,831869357240221697,2018-05-02 16:29:24,tr,retweet,Twitter for Android,http://twitter.com/download/android,0,0,0,0,991570087474745344,4764985268,False,2018-05-02 16:29:24
991570087474745344,4764985268,2018-05-02 06:48:25,tr,tweet,Twitter Web Client,http://twitter.com,210,554,3,10,,,False,2018-05-02 16:29:24
991716442113527808,828288871075086336,2018-05-02 16:29:59,en,retweet,Twitter for iPhone,http://twitter.com/download/iphone,0,0,0,0,991644298209906688,813914393788481540,False,2018-05-02 16:29:59
991644298209906688,813914393788481540,2018-05-02 11:43:19,en,tweet,Twitter Web Client,http://twitter.com,54,163,5,31,,,False,2018-05-02 16:29:59
982702283459788800,869193235918454786,2018-04-07 19:30:56,und,tweet,Twitter for iPhone,http://twitter.com/download/iphone,595,1048,14,10,,,True,2018-05-02 16:48:05
991720997140099072,426409144,2018-05-02 16:48:05,und,retweet,Twitter for iPhone,http://twitter.com/download/iphone,0,0,0,0,982702283459788800,869193235918454786,True,2018-05-02 16:48:05
991721349449158656,782992706616393729,2018-05-02 16:49:29,en,reply,Twitter for iPhone,http://twitter.com/download/iphone,0,0,0,0,991720038041378816,235897523,False,2018-05-02 16:49:29
991721378817732609,852788402889961472,2018-05-02 16:49:36,es,retweet,Twitter for Android,http://twitter.com/download/android,0,0,0,0,991652159614865409,798987580427505665,False,2018-05-02 16:49:36
991652159614865409,798987580427505665,2018-05-02 12:14:33,es,quote,Twitter for Android,http://twitter.com/download/android,4,3,0,0,991352772527296512,66732993,False,2018-05-02 16:49:36
991352772527296512,66732993,2018-05-01 16:24:54,en,tweet,Twitter Web Client,http://twitter.com,12,10,1,0,,,False,2018-05-02 16:49:36
991722234455654400,3379584303,2018-05-02 16:53:00,en,retweet,Twitter Web Client,http://twitter.com,0,0,0,0,991707038072717313,103105127,False,2018-05-02 16:53:00
991707038072717313,103105127,2018-05-02 15:52:37,en,quote,Twitter Web Client,http://twitter.com,14,5,0,1,991704664403046400,954124423,False,2018-05-02 16:53:00
991722930718564352,227778796,2018-05-02 16:55:46,en,retweet,Twitter Web Client,http://twitter.com,0,0,0,0,991704664403046400,954124423,False,2018-05-02 16:55:46
991723996054937601,365854454,2018-05-02 17:00:00,en,tweet,TweetDeck,https://about.twitter.com/products/tweetdeck,0,0,0,0,,,False,2018-05-02 17:00:00
991724352595996672,213555363,2018-05-02 17:01:25,de,tweet,Twitter for Android,http://twitter.com/download/android,0,0,0,0,,,False,2018-05-02 17:01:25
991724457445265408,924171577,2018-05-02 17:01:50,tr,retweet,Twitter for iPhone,http://twitter.com/download/iphone,0,0,0,0,991708914029940736,326003773,False,2018-05-02 17:01:50
991724507772710915,2959431927,2018-05-02 17:02:02,und,retweet,Twitter for Android,http://twitter.com/download/android,0,0,0,0,991314489885839360,869193235918454786,False,2018-05-02 17:02:02
991725808006893569,937391743678517249,2018-05-02 17:07:12,tr,retweet,Twitter for Android,http://twitter.com/download/android,0,0,0,0,991708914029940736,326003773,False,2018-05-02 17:07:12
991726030296580096,905403389466509313,2018-05-02 17:08:05,tr,retweet,Twitter for Android,http://twitter.com/download/android,0,0,0,0,991724707799076865,92460378,False,2018-05-02 17:08:05
991726575560388610,2243345659,2018-05-02 17:10:15,tr,retweet,Twitter Lite,https://mobile.twitter.com,0,0,0,0,991708914029940736,326003773,False,2018-05-02 17:10:15
991726630103060483,987748224437030917,2018-05-02 17:10:28,tr,retweet,Twitter for Android,http://twitter.com/download/android,0,0,0,0,991432003332526080,2207137254,False,2018-05-02 17:10:28
991727229876006915,954229325892608000,2018-05-02 17:12:51,en,retweet,Twitter for Android,http://twitter.com/download/android,0,0,0,0,991693417624334342,49946953,False,2018-05-02 17:12:51
991693417624334342,49946953,2018-05-02 14:58:30,en,tweet,TweetDeck,https://about.twitter.com/products/tweetdeck,7,13,0,1,,,True,2018-05-02 17:12:51
991728043566780418,982701088372592642,2018-05-02 17:16:05,tr,retweet,Twitter for Android,http://twitter.com/download/android,0,0,0,0,991358988536119296,478170193,False,2018-05-02 17:16:05
991358988536119296,478170193,2018-05-01 16:49:36,tr,tweet,Twitter for iPhone,http://twitter.com/download/iphone,336,161,6,9,,,False,2018-05-02 17:16:05
991728060369121280,314024921,2018-05-02 17:16:09,en,retweet,Twitter Web Client,http://twitter.com,0,0,0,0,991719202208690177,2596413645,False,2018-05-02 17:16:09
991728303613661184,26900055,2018-05-02 17:17:07,en,retweet,Twitter for iPhone,http://twitter.com/download/iphone,0,0,0,0,991727699344244736,2596413645,False,2018-05-02 17:17:07
991729071162822656,1398840546,2018-05-02 17:20:10,en,retweet,Twitter for iPhone,http://twitter.com/download/iphone,0,0,0,0,991719202208690177,2596413645,False,2018-05-02 17:20:10
991729150879830016,948731155033067521,2018-05-02 17:20:29,en,retweet,Twitter Web Client,http://twitter.com,0,0,0,0,991704664403046400,954124423,False,2018-05-02 17:20:29
991730279135039489,837041296544002052,2018-05-02 17:24:58,tr,retweet,Twitter for Android,http://twitter.com/download/android,0,0,0,0,988146901173329921,3089497123,False,2018-05-02 17:24:58
988146901173329921,3089497123,2018-04-22 20:05:54,tr,tweet,Twitter Web Client,http://twitter.com,23,24,0,0,,,False,2018-05-02 17:24:58
991725587860459520,23074563,2018-05-02 17:06:20,en,tweet,Twitter for iPhone,http://twitter.com/download/iphone,9,7,2,0,,,False,2018-05-02 17:30:27
991731659073642496,2610615528,2018-05-02 17:30:27,en,retweet,Twitter Lite,https://mobile.twitter.com,0,0,0,0,991725587860459520,23074563,False,2018-05-02 17:30:27
991689003408740352,487834443,2018-05-02 14:40:57,tr,tweet,Twitter Web Client,http://twitter.com,62,28,0,4,,,False,2018-05-02 17:30:43
991731726169853958,2360103751,2018-05-02 17:30:43,tr,retweet,Twitter Web Client,http://twitter.com,0,0,0,0,991689003408740352,487834443,False,2018-05-02 17:30:43
991732669879734272,860893303360954368,2018-05-02 17:34:28,tr,retweet,Twitter for Android,http://twitter.com/download/android,0,0,0,0,991617533194227712,487834443,False,2018-05-02 17:34:28
991732879590854656,175032813,2018-05-02 17:35:18,en,retweet,Twitter for iPhone,http://twitter.com/download/iphone,0,0,0,0,991710689717817346,954124423,False,2018-05-02 17:35:18
991710689717817346,954124423,2018-05-02 16:07:08,en,tweet,Twitter Web Client,http://twitter.com,189,163,17,50,,,False,2018-05-02 17:35:18
991734129501921280,29547555,2018-05-02 17:40:16,en,retweet,Twitter for Android,http://twitter.com/download/android,0,0,0,0,991732943654703104,954124423,False,2018-05-02 17:40:16
991734829963100160,261749735,2018-05-02 17:43:03,en,retweet,Twitter for iPhone,http://twitter.com/download/iphone,0,0,0,0,991727699344244736,2596413645,False,2018-05-02 17:43:03
991735282943881219,3110915034,2018-05-02 17:44:51,ar,reply,Twitter for iPhone,http://twitter.com/download/iphone,0,0,0,0,991734496272830464,3110915034,False,2018-05-02 17:44:51
991735995967180802,886837772123811840,2018-05-02 17:47:41,tr,retweet,Twitter for iPhone,http://twitter.com/download/iphone,0,0,0,0,991617533194227712,487834443,False,2018-05-02 17:47:41
991736092452900864,2337543318,2018-05-02 17:48:04,en,retweet,Twitter for iPhone,http://twitter.com/download/iphone,0,0,0,0,991727699344244736,2596413645,False,2018-05-02 17:48:04
991736532859056128,829476518,2018-05-02 17:49:49,tr,retweet,Twitter for Android,http://twitter.com/download/android,0,0,0,0,991708914029940736,326003773,False,2018-05-02 17:49:49
991737946326818816,4311982647,2018-05-02 17:55:26,en,retweet,Twitter Web Client,http://twitter.com,0,0,0,0,991719202208690177,2596413645,False,2018-05-02 17:55:26
991738613242228738,728316429121036290,2018-05-02 17:58:05,in,reply,Twitter for iPhone,http://twitter.com/download/iphone,0,0,0,0,991738077478641666,843146690957840384,False,2018-05-02 17:58:05
991737676507250693,1728451099,2018-05-02 17:54:22,ca,tweet,Twitter Web Client,http://twitter.com,2,0,0,0,,,False,2018-05-02 18:04:22
991740194482278400,987752531009916929,2018-05-02 18:04:22,ca,retweet,Twitter for Android,http://twitter.com/download/android,0,0,0,0,991737676507250693,1728451099,False,2018-05-02 18:04:22
991740882322968577,3072592149,2018-05-02 18:07:06,tr,retweet,Twitter for Android,http://twitter.com/download/android,0,0,0,0,991739789404721152,849833645611372545,False,2018-05-02 18:07:06
991739789404721152,849833645611372545,2018-05-02 18:02:46,tr,tweet,Twitter for Android,http://twitter.com/download/android,1,2,0,0,,,False,2018-05-02 18:07:06
991741628942602241,2752052868,2018-05-02 18:10:04,uk,tweet,Twitter for iPhone,http://twitter.com/download/iphone,0,0,0,0,,,False,2018-05-02 18:10:04
991742723626622976,915820505336356865,2018-05-02 18:14:25,en,retweet,Twitter for iPhone,http://twitter.com/download/iphone,0,0,0,0,991370923524673536,67813133,False,2018-05-02 18:14:25
991370923524673536,67813133,2018-05-01 17:37:01,en,tweet,Twitter Web Client,http://twitter.com,44,36,5,2,,,False,2018-05-02 18:14:25
991743516375216128,4126032687,2018-05-02 18:17:34,und,retweet,Twitter for iPhone,http://twitter.com/download/iphone,0,0,0,0,991314489885839360,869193235918454786,False,2018-05-02 18:17:34
991413646625574912,1077181999,2018-05-01 20:26:47,en,tweet,Twitter for Android,http://twitter.com/download/android,123,135,17,21,,,False,2018-05-02 18:20:51
991744342657323008,951192329070825473,2018-05-02 18:20:51,tr,quote,Twitter Web Client,http://twitter.com,0,0,0,0,991413646625574912,1077181999,False,2018-05-02 18:20:51
991744560735948800,2653220806,2018-05-02 18:21:43,tr,retweet,Twitter for iPhone,http://twitter.com/download/iphone,0,0,0,0,868018699617406976,4764985268,False,2018-05-02 18:21:43
868018699617406976,4764985268,2017-05-26 08:19:19,tr,reply,Twitter Web Client,http://twitter.com,72,247,4,26,868017359197548544,4764985268,False,2018-05-02 18:21:43
991744665606086656,2542939533,2018-05-02 18:22:08,und,retweet,Twitter for iPhone,http://twitter.com/download/iphone,0,0,0,0,991742425734569985,869193235918454786,False,2018-05-02 18:22:08
991744778856484865,3687318741,2018-05-02 18:22:35,uk,retweet,Twitter for Android,http://twitter.com/download/android,0,0,0,0,991710184492978177,897768084714508289,False,2018-05-02 18:22:35
991710184492978177,897768084714508289,2018-05-02 16:05:07,uk,tweet,Twitter Web Client,http://twitter.com,15,21,0,0,,,False,2018-05-02 18:22:35
991745345100148737,161243650,2018-05-02 18:24:50,en,quote,Twitter for iPhone,http://twitter.com/download/iphone,0,0,0,0,991742389214765057,869193235918454786,False,2018-05-02 18:24:50
991745441535586304,769134990701502464,2018-05-02 18:25:13,tr,retweet,Twitter for iPhone,http://twitter.com/download/iphone,0,0,0,0,991649284859879424,248829087,False,2018-05-02 18:25:13
991649284859879424,248829087,2018-05-02 12:03:08,tr,quote,Twitter for iPhone,http://twitter.com/download/iphone,85,45,0,4,991600764006125568,2844388905,False,2018-05-02 18:25:13
991600764006125568,2844388905,2018-05-02 08:50:19,tr,tweet,Twitter for Android,http://twitter.com/download/android,491,774,35,60,,,False,2018-05-02 18:25:13
991745923913953280,757637664,2018-05-02 18:27:08,en,retweet,Twitter for iPhone,http://twitter.com/download/iphone,0,0,0,0,991732943654703104,954124423,False,2018-05-02 18:27:08
991735954561011713,598468186,2018-05-02 17:47:31,en,quote,Twitter Web Client,http://twitter.com,2,1,0,0,991732943654703104,954124423,False,2018-05-02 18:27:18
991745965836177408,598468186,2018-05-02 18:27:18,en,retweet,Twitter Web Client,http://twitter.com,0,0,0,0,991735954561011713,598468186,False,2018-05-02 18:27:18
991746213308346368,738153522277945344,2018-05-02 18:28:17,en,retweet,Twitter for Android,http://twitter.com/download/android,0,0,0,0,991743899788967936,823571457649184768,False,2018-05-02 18:28:17
991743899788967936,823571457649184768,2018-05-02 18:19:06,en,reply,Twitter Web Client,http://twitter.com,1,1,0,0,991703944786149376,738153522277945344,False,2018-05-02 18:28:17
991421192136519685,825682538416971778,2018-05-01 20:56:46,tr,quote,Twitter for Android,http://twitter.com/download/android,66,38,0,0,991410567024869377,2252893931,False,2018-05-02 18:28:25
991410567024869377,2252893931,2018-05-01 20:14:33,tr,tweet,Twitter for Android,http://twitter.com/download/android,129,65,1,6,,,False,2018-05-02 18:28:25
991746246841978881,2228890529,2018-05-02 18:28:25,tr,retweet,Twitter for iPhone,http://twitter.com/download/iphone,0,0,0,0,991421192136519685,825682538416971778,False,2018-05-02 18:28:25
991746641127452672,780521650852884480,2018-05-02 18:29:59,tr,retweet,Twitter for iPhone,http://twitter.com/download/iphone,0,0,0,0,991698547769774080,214544700,False,2018-05-02 18:29:59
991698547769774080,214544700,2018-05-02 15:18:53,tr,tweet,Twitter for iPhone,http://twitter.com/download/iphone,95,53,0,4,,,False,2018-05-02 18:29:59
991663540900687873,287843201,2018-05-02 12:59:47,en,tweet,Twitter Web Client,http://twitter.com,48,56,2,9,,,False,2018-05-02 18:32:47
991747345778991106,581307829,2018-05-02 18:32:47,en,retweet,Twitter for Android,http://twitter.com/download/android,0,0,0,0,991663540900687873,287843201,False,2018-05-02 18:32:47
991747475768860674,2344991118,2018-05-02 18:33:18,und,retweet,Twitter for iPhone,http://twitter.com/download/iphone,0,0,0,0,991742389214765057,869193235918454786,False,2018-05-02 18:33:18
991747886823043072,771918082034065410,2018-05-02 18:34:56,tr,retweet,Twitter for iPhone,http://twitter.com/download/iphone,0,0,0,0,991708914029940736,326003773,False,2018-05-02 18:34:56
991747353467146243,867947619661881344,2018-05-02 18:32:49,en,tweet,Twitter for iPad,http://twitter.com/#!/download/ipad,12,15,0,0,,,True,2018-05-02 18:35:25
991748008457875456,738153522277945344,2018-05-02 18:35:25,en,retweet,Twitter for Android,http://twitter.com/download/android,0,0,0,0,991747353467146243,867947619661881344,False,2018-05-02 18:35:25
991749417760903171,3395666355,2018-05-02 18:41:01,und,retweet,Twitter for Android,http://twitter.com/download/android,0,0,0,0,991742389214765057,869193235918454786,False,2018-05-02 18:41:01
991749547776004097,51712399,2018-05-02 18:41:32,tr,retweet,Twitter for Android,http://twitter.com/download/android,0,0,0,0,737710858709540865,4764985268,False,2018-05-02 18:41:32
737710858709540865,4764985268,2016-05-31 18:22:29,tr,tweet,Twitter Web Client,http://twitter.com,356,842,55,39,,,False,2018-05-02 18:41:32
991749887510401024,438041673,2018-05-02 18:42:53,en,quote,Twitter Web Client,http://twitter.com,0,0,0,0,991694921806598144,455830743,False,2018-05-02 18:42:53
991694921806598144,455830743,2018-05-02 15:04:28,und,tweet,Twitter for iPhone,http://twitter.com/download/iphone,4,1,0,0,,,False,2018-05-02 18:42:53
991750579553783808,2296768525,2018-05-02 18:45:38,und,retweet,Twitter for Android,http://twitter.com/download/android,0,0,0,0,991742425734569985,869193235918454786,False,2018-05-02 18:45:38
991715413179424768,829213809306918912,2018-05-02 16:25:54,tr,tweet,Twitter for iPhone,http://twitter.com/download/iphone,34,53,2,4,,,False,2018-05-02 18:45:45
991750608951660545,822423903112929280,2018-05-02 18:45:45,tr,retweet,Twitter for Android,http://twitter.com/download/android,0,0,0,0,991715413179424768,829213809306918912,False,2018-05-02 18:45:45
991750856415563777,317284206,2018-05-02 18:46:44,en,retweet,Twitter for Android,http://twitter.com/download/android,0,0,0,0,991722327904677888,2596413645,False,2018-05-02 18:46:44
991722327904677888,2596413645,2018-05-02 16:53:22,en,reply,Twitter for iPad,http://twitter.com/#!/download/ipad,5,16,0,1,991719623501467648,2903166449,False,2018-05-02 18:46:44
991751745570295808,981292975,2018-05-02 18:50:16,es,retweet,Twitter for Android,http://twitter.com/download/android,0,0,0,0,991660576567906304,550116886,False,2018-05-02 18:50:16
991751854630449152,193357080,2018-05-02 18:50:42,en,retweet,Twitter for iPhone,http://twitter.com/download/iphone,0,0,0,0,991751532424060929,738153522277945344,False,2018-05-02 18:50:42
985080449755119617,869193235918454786,2018-04-14 09:00:55,und,tweet,Twitter for iPhone,http://twitter.com/download/iphone,1022,2220,24,8,,,True,2018-05-02 18:52:52
991752399915233281,2365720046,2018-05-02 18:52:52,und,retweet,Twitter for iPhone,http://twitter.com/download/iphone,0,0,0,0,985080449755119617,869193235918454786,False,2018-05-02 18:52:52
991727699344244736,2596413645,2018-05-02 17:14:43,en,tweet,Twitter for iPad,http://twitter.com/#!/download/ipad,114,163,3,12,,,False,2018-05-02 18:55:19
991753016477876224,937134500852645888,2018-05-02 18:55:19,en,retweet,Twitter Lite,https://mobile.twitter.com,0,0,0,0,991727699344244736,2596413645,False,2018-05-02 18:55:19
991732007859310592,92460378,2018-05-02 17:31:50,tr,quote,Twitter Web Client,http://twitter.com,53,34,0,0,991671768862658561,963508481780322304,False,2018-05-02 18:55:57
991753175840509952,2181065932,2018-05-02 18:55:57,tr,retweet,Twitter for iPhone,http://twitter.com/download/iphone,0,0,0,0,991732007859310592,92460378,False,2018-05-02 18:55:57
991753184241700865,865653764870381568,2018-05-02 18:55:59,tr,retweet,Twitter for iPhone,http://twitter.com/download/iphone,0,0,0,0,991739207629594626,2510092890,False,2018-05-02 18:55:59
991739207629594626,2510092890,2018-05-02 18:00:27,tr,tweet,Twitter Web Client,http://twitter.com,2,7,0,0,,,False,2018-05-02 18:55:59
991753523971977218,50258410,2018-05-02 18:57:20,en,retweet,Twitter for Android,http://twitter.com/download/android,0,0,0,0,991704664403046400,954124423,False,2018-05-02 18:57:20
991753565935812609,3294058472,2018-05-02 18:57:30,ja,tweet,twittbot.net,http://twittbot.net/,0,0,0,0,,,False,2018-05-02 18:57:30
991753813362073600,986830047599144960,2018-05-02 18:58:29,en,retweet,Twitter for iPhone,http://twitter.com/download/iphone,0,0,0,0,991751532424060929,738153522277945344,False,2018-05-02 18:58:29
991753842743304195,963497411229442049,2018-05-02 18:58:36,tr,retweet,Twitter for Android,http://twitter.com/download/android,0,0,0,0,987264804187451392,487834443,False,2018-05-02 18:58:36
987264804187451392,487834443,2018-04-20 09:40:46,tr,tweet,Twitter for iPhone,http://twitter.com/download/iphone,1243,1199,24,66,,,False,2018-05-02 18:58:36
988042668612694019,869193235918454786,2018-04-22 13:11:43,und,tweet,Twitter Web Client,http://twitter.com,1074,2378,31,19,,,True,2018-05-02 19:02:50
991754908104888321,751911896,2018-05-02 19:02:50,und,retweet,Twitter Lite,https://mobile.twitter.com,0,0,0,0,988042668612694019,869193235918454786,False,2018-05-02 19:02:50
991755298154139648,243726128,2018-05-02 19:04:23,fr,reply,Twitter Web Client,http://twitter.com,0,0,0,0,991754576457076741,243726128,False,2018-05-02 19:04:23
991755344283164672,775894632697892864,2018-05-02 19:04:34,tr,retweet,Twitter for iPhone,http://twitter.com/download/iphone,0,0,0,0,991724707799076865,92460378,False,2018-05-02 19:04:34
991755512092987392,67813133,2018-05-02 19:05:14,fr,retweet,Twitter Web Client,http://twitter.com,0,0,0,0,991755157447888896,719153440107204608,False,2018-05-02 19:05:14
991755157447888896,719153440107204608,2018-05-02 19:03:50,fr,tweet,kurdistan-au-feminin.fr,https://kurdistan-au-feminin.fr,1,1,0,0,,,False,2018-05-02 19:05:14
991755549812412417,2927236667,2018-05-02 19:05:23,und,quote,Twitter Web Client,http://twitter.com,0,0,0,0,991241865297997824,108524355,False,2018-05-02 19:05:23
991756346730086405,2365742752,2018-05-02 19:08:33,en,retweet,Twitter for Android,http://twitter.com/download/android,0,0,0,0,991241865297997824,108524355,False,2018-05-02 19:08:33
991241865297997824,108524355,2018-05-01 09:04:11,en,tweet,Twitter for iPhone,http://twitter.com/download/iphone,189,135,13,19,,,False,2018-05-02 19:08:33
991757026203074562,913083595727683584,2018-05-02 19:11:15,en,retweet,Twitter Web Client,http://twitter.com,0,0,0,0,991752334626586624,2596413645,False,2018-05-02 19:11:15
991385657972084737,941680316506411009,2018-05-01 18:35:34,de,tweet,Twitter Web Client,http://twitter.com,287,435,19,57,,,False,2018-05-02 19:17:18
991758548760702976,870200407,2018-05-02 19:17:18,de,retweet,Twitter Web Client,http://twitter.com,0,0,0,0,991603649540427776,22153676,False,2018-05-02 19:17:18
991603649540427776,22153676,2018-05-02 09:01:47,de,quote,Twitter for iPhone,http://twitter.com/download/iphone,127,198,3,17,991385657972084737,941680316506411009,False,2018-05-02 19:17:18
991748634130731009,916205628363862016,2018-05-02 18:37:54,de,tweet,Twitter for iPhone,http://twitter.com/download/iphone,7,12,0,4,,,False,2018-05-02 19:23:06
991760008357531648,870200407,2018-05-02 19:23:06,de,retweet,Twitter Web Client,http://twitter.com,0,0,0,0,991748634130731009,916205628363862016,False,2018-05-02 19:23:06
991760692054282240,286812557,2018-05-02 19:25:49,en,retweet,Twitter for iPad,http://twitter.com/#!/download/ipad,0,0,0,0,991717019887329280,954124423,False,2018-05-02 19:25:49
991760801097641984,738153522277945344,2018-05-02 19:26:15,en,retweet,Twitter for Android,http://twitter.com/download/android,0,0,0,0,991669454823141376,25073877,False,2018-05-02 19:26:15
991669454823141376,25073877,2018-05-02 13:23:17,en,tweet,Twitter for iPhone,http://twitter.com/download/iphone,11456,41153,1537,12738,,,False,2018-05-02 19:26:15
991761514137817095,962717507273490432,2018-05-02 19:29:05,en,quote,Twitter for iPhone,http://twitter.com/download/iphone,0,0,0,0,991760544557359104,2574890250,True,2018-05-02 19:29:05
991760544557359104,2574890250,2018-05-02 19:25:14,ar,tweet,Twitter for iPhone,http://twitter.com/download/iphone,0,1,0,0,,,False,2018-05-02 19:29:05
991761874843648000,365854454,2018-05-02 19:30:31,en,tweet,TweetDeck,https://about.twitter.com/products/tweetdeck,0,0,0,0,,,False,2018-05-02 19:30:31
991762071980314624,956610243940831233,2018-05-02 19:31:18,tr,retweet,Twitter for Android,http://twitter.com/download/android,0,0,0,0,991617533194227712,487834443,False,2018-05-02 19:31:18
991745264191987713,833492448240336896,2018-05-02 18:24:31,tr,tweet,Twitter for Android,http://twitter.com/download/android,92,73,3,2,,,False,2018-05-02 19:34:20
991759556983316482,526110917,2018-05-02 19:21:19,tr,quote,Twitter for iPhone,http://twitter.com/download/iphone,10,6,0,0,991745264191987713,833492448240336896,True,2018-05-02 19:34:20
991762835347820550,840649543561682946,2018-05-02 19:34:20,tr,retweet,Twitter for Android,http://twitter.com/download/android,0,0,0,0,991759556983316482,526110917,False,2018-05-02 19:34:20
991431269513756672,302111485,2018-05-01 21:36:49,en,tweet,Twitter for iPhone,http://twitter.com/download/iphone,276,1163,25,41,,,False,2018-05-02 19:37:16
991763573541081088,943924685259067392,2018-05-02 19:37:16,en,retweet,Twitter Web Client,http://twitter.com,0,0,0,0,991431269513756672,302111485,False,2018-05-02 19:37:16
991763619661697024,897619242,2018-05-02 19:37:27,en,tweet,Sprout Social,http://sproutsocial.com,0,0,0,0,,,False,2018-05-02 19:37:27
991765054134669312,3344944154,2018-05-02 19:43:09,en,retweet,Twitter for Android,http://twitter.com/download/android,0,0,0,0,991751532424060929,738153522277945344,False,2018-05-02 19:43:09
991717019887329280,954124423,2018-05-02 16:32:17,en,tweet,Twitter Web Client,http://twitter.com,199,303,13,16,,,False,2018-05-02 19:43:12
991765066696482816,2227319840,2018-05-02 19:43:12,en,retweet,Twitter Web Client,http://twitter.com,0,0,0,0,991717019887329280,954124423,False,2018-05-02 19:43:12
991013394315608064,455830743,2018-04-30 17:56:20,de,tweet,Twitter for iPhone,http://twitter.com/download/iphone,5,8,0,0,,,False,2018-05-02 19:43:41
991765188322910208,828115979758661632,2018-05-02 19:43:41,de,retweet,Twitter for iPhone,http://twitter.com/download/iphone,0,0,0,0,991013394315608064,455830743,False,2018-05-02 19:43:41
991765628745904128,940033190701367296,2018-05-02 19:45:26,tr,retweet,Twitter for Android,http://twitter.com/download/android,0,0,0,0,991686117186469889,92460378,False,2018-05-02 19:45:26
991686117186469889,92460378,2018-05-02 14:29:29,tr,tweet,Twitter Web Client,http://twitter.com,45,26,0,3,,,False,2018-05-02 19:45:26
991766266267492353,90064632,2018-05-02 19:47:58,tr,retweet,Twitter Web Client,http://twitter.com,0,0,0,0,847219249106112517,4764985268,False,2018-05-02 19:47:58
847219249106112517,4764985268,2017-03-29 22:49:44,tr,tweet,Twitter Web Client,http://twitter.com,481,1098,44,43,,,False,2018-05-02 19:47:58
991766413063933952,819535337886191616,2018-05-02 19:48:33,en,reply,Twitter for iPhone,http://twitter.com/download/iphone,0,0,0,0,991766035845013505,2320114243,False,2018-05-02 19:48:33
991766614390530048,2892418731,2018-05-02 19:49:21,en,retweet,Twitter for Android,http://twitter.com/download/android,0,0,0,0,991766516315115522,869193235918454786,False,2018-05-02 19:49:21
991767721678393347,954662401412124677,2018-05-02 19:53:45,en,retweet,Twitter for iPhone,http://twitter.com/download/iphone,0,0,0,0,991766516315115522,869193235918454786,False,2018-05-02 19:53:45
991768187267100673,3575833755,2018-05-02 19:55:36,en,retweet,Twitter for iPhone,http://twitter.com/download/iphone,0,0,0,0,991766516315115522,869193235918454786,False,2018-05-02 19:55:36
991768304703426560,978254138470535168,2018-05-02 19:56:04,tr,retweet,Twitter for Android,http://twitter.com/download/android,0,0,0,0,991450765154807808,740683594633355265,False,2018-05-02 19:56:04
991431323716857857,57039681,2018-05-01 21:37:02,tr,tweet,Buffer,http://bufferapp.com,48,33,9,19,,,False,2018-05-02 19:56:04
991450765154807808,740683594633355265,2018-05-01 22:54:17,tr,quote,Twitter for iPhone,http://twitter.com/download/iphone,26,18,0,1,991431323716857857,57039681,False,2018-05-02 19:56:04
991726590445826048,702303494053634049,2018-05-02 17:10:19,en,tweet,Media Studio,https://studio.twitter.com,52,206,5,3,,,False,2018-05-02 19:56:42
991768464070193158,919622839556337664,2018-05-02 19:56:42,en,retweet,Twitter Web Client,http://twitter.com,0,0,0,0,991726590445826048,702303494053634049,False,2018-05-02 19:56:42
991769072277782529,57734851,2018-05-02 19:59:07,und,tweet,Twitter Web Client,http://twitter.com,0,0,0,0,,,False,2018-05-02 19:59:07
982999654202859520,980116740972695552,2018-04-08 15:12:35,ar,tweet,Twitter Web Client,http://twitter.com,5,12,0,0,,,False,2018-05-02 20:03:07
991770078885679104,987394916719431680,2018-05-02 20:03:07,ar,retweet,Twitter for Android,http://twitter.com/download/android,0,0,0,0,982999654202859520,980116740972695552,False,2018-05-02 20:03:07
991770695469166592,291273472,2018-05-02 20:05:34,ko,tweet,twittbot.net,http://twittbot.net/,0,0,0,0,,,False,2018-05-02 20:05:34
991771555297296384,828115979758661632,2018-05-02 20:08:59,und,retweet,Twitter for iPhone,http://twitter.com/download/iphone,0,0,0,0,990631636868923400,455830743,False,2018-05-02 20:08:59
990631636868923400,455830743,2018-04-29 16:39:21,und,tweet,Twitter for iPhone,http://twitter.com/download/iphone,2,0,0,0,,,False,2018-05-02 20:08:59
991772138297266176,933527721224916993,2018-05-02 20:11:18,en,retweet,Twitter for Android,http://twitter.com/download/android,0,0,0,0,991752334626586624,2596413645,False,2018-05-02 20:11:18
991772331243720709,397610007,2018-05-02 20:12:04,es,retweet,Twitter for iPhone,http://twitter.com/download/iphone,0,0,0,0,991582107196633090,1142312972,False,2018-05-02 20:12:04
991774722005270528,49384107,2018-05-02 20:21:34,en,retweet,Twitter Web Client,http://twitter.com,0,0,0,0,991719202208690177,2596413645,False,2018-05-02 20:21:34
991774986233839616,416188366,2018-05-02 20:22:37,en,retweet,Twitter for iPhone,http://twitter.com/download/iphone,0,0,0,0,991766516315115522,869193235918454786,False,2018-05-02 20:22:37
991776248711000064,1370971824,2018-05-02 20:27:38,en,retweet,Twitter for Android,http://twitter.com/download/android,0,0,0,0,991719202208690177,2596413645,False,2018-05-02 20:27:38
991776328390184960,761709748614037504,2018-05-02 20:27:57,und,retweet,Twitter for Android,http://twitter.com/download/android,0,0,0,0,991314489885839360,869193235918454786,False,2018-05-02 20:27:57
991776735254413312,900259563907272704,2018-05-02 20:29:34,und,retweet,Twitter for Android,http://twitter.com/download/android,0,0,0,0,991742425734569985,869193235918454786,False,2018-05-02 20:29:34
991776903026675712,1641619117,2018-05-02 20:30:14,und,retweet,Twitter for Android,http://twitter.com/download/android,0,0,0,0,991742389214765057,869193235918454786,False,2018-05-02 20:30:14
991778127759183873,754020787141668864,2018-05-02 20:35:06,es,retweet,Twitter for Android,http://twitter.com/download/android,0,0,0,0,991758497443405826,1142312972,False,2018-05-02 20:35:06
991778371016232961,990276638997991424,2018-05-02 20:36:04,es,retweet,Twitter for Android,http://twitter.com/download/android,0,0,0,0,991588605998043136,1142312972,False,2018-05-02 20:36:04
991588605998043136,1142312972,2018-05-02 08:02:01,es,reply,Twitter for Android,http://twitter.com/download/android,44,49,0,1,991585806337892352,721788853288308736,False,2018-05-02 20:36:04
991779558025084928,204176679,2018-05-02 20:40:47,und,retweet,Twitter Web Client,http://twitter.com,0,0,0,0,987417286679121925,869193235918454786,False,2018-05-02 20:40:47
987417286679121925,869193235918454786,2018-04-20 19:46:41,und,tweet,Twitter Web Client,http://twitter.com,1094,1689,42,21,,,True,2018-05-02 20:40:47
991747918095880193,4764985268,2018-05-02 18:35:04,tr,reply,Twitter Web Client,http://twitter.com,12,44,1,2,991747130967588865,4764985268,False,2018-05-02 20:42:12
991779914549514240,755180885411033088,2018-05-02 20:42:12,tr,retweet,Twitter for iPhone,http://twitter.com/download/iphone,0,0,0,0,991747918095880193,4764985268,False,2018-05-02 20:42:12
991780044560388097,595205792,2018-05-02 20:42:43,und,retweet,Twitter for iPhone,http://twitter.com/download/iphone,0,0,0,0,991742389214765057,869193235918454786,False,2018-05-02 20:42:43
991780883404386305,2941410280,2018-05-02 20:46:03,und,retweet,Twitter for iPhone,http://twitter.com/download/iphone,0,0,0,0,991742389214765057,869193235918454786,False,2018-05-02 20:46:03
991780963104493569,4118915187,2018-05-02 20:46:22,en,retweet,Twitter for iPhone,http://twitter.com/download/iphone,0,0,0,0,991766516315115522,869193235918454786,False,2018-05-02 20:46:22
991781499971104768,826104850194653186,2018-05-02 20:48:30,en,retweet,Twitter for iPhone,http://twitter.com/download/iphone,0,0,0,0,991751532424060929,738153522277945344,False,2018-05-02 20:48:30
991781575477129217,4635369677,2018-05-02 20:48:48,es,retweet,Twitter for iPhone,http://twitter.com/download/iphone,0,0,0,0,991758497443405826,1142312972,False,2018-05-02 20:48:48
991751532424060929,738153522277945344,2018-05-02 18:49:25,en,tweet,Twitter for Android,http://twitter.com/download/android,106,136,16,37,,,False,2018-05-02 20:49:33
991781764216639488,830216254208278528,2018-05-02 20:49:33,en,retweet,Twitter for Android,http://twitter.com/download/android,0,0,0,0,991751532424060929,738153522277945344,False,2018-05-02 20:49:33
991782095562342404,978145274,2018-05-02 20:50:52,es,retweet,Twitter for iPhone,http://twitter.com/download/iphone,0,0,0,0,991582107196633090,1142312972,False,2018-05-02 20:50:52
991782754072358913,51712493,2018-05-02 20:53:29,en,retweet,Twitter for Android,http://twitter.com/download/android,0,0,0,0,991732943654703104,954124423,False,2018-05-02 20:53:29
991732943654703104,954124423,2018-05-02 17:35:33,en,tweet,Twitter Web Client,http://twitter.com,309,204,18,25,,,False,2018-05-02 20:53:29
991783127386345476,1183512104,2018-05-02 20:54:58,tr,tweet,Twitter Web Client,http://twitter.com,0,0,0,0,,,False,2018-05-02 20:54:58
739904334079643653,4764985268,2016-06-06 19:38:34,tr,reply,Twitter Web Client,http://twitter.com,51,135,6,5,739894937165139969,4764985268,False,2018-05-02 20:55:48
991783337088962562,2605915581,2018-05-02 20:55:48,tr,retweet,Twitter for iPhone,http://twitter.com/download/iphone,0,0,0,0,739904334079643653,4764985268,False,2018-05-02 20:55:48
991783928502669312,2967680506,2018-05-02 20:58:09,tr,retweet,Twitter for Android,http://twitter.com/download/android,0,0,0,0,991747130967588865,4764985268,False,2018-05-02 20:58:09
991783999797374976,851212839691976704,2018-05-02 20:58:26,und,retweet,Twitter Web Client,http://twitter.com,0,0,0,0,991742389214765057,869193235918454786,False,2018-05-02 20:58:26
991784163375280128,776180524754800641,2018-05-02 20:59:05,en,retweet,Twitter for iPhone,http://twitter.com/download/iphone,0,0,0,0,991770495614939137,346612013,False,2018-05-02 20:59:05
991770495614939137,346612013,2018-05-02 20:04:47,en,quote,Twitter Web Client,http://twitter.com,15,9,0,0,991617533194227712,487834443,False,2018-05-02 20:59:05
991784435988213760,924061988564684800,2018-05-02 21:00:10,tr,retweet,Twitter for Android,http://twitter.com/download/android,0,0,0,0,991782224331714561,812294692809408512,False,2018-05-02 21:00:10
991782224331714561,812294692809408512,2018-05-02 20:51:23,tr,tweet,Twitter for Android,http://twitter.com/download/android,1,2,0,0,,,False,2018-05-02 21:00:10
991784515680047104,2898341650,2018-05-02 21:00:29,tr,retweet,Twitter for Android,http://twitter.com/download/android,0,0,0,0,991701817460494336,420629175,False,2018-05-02 21:00:29
991785035773640705,3013136483,2018-05-02 21:02:33,en,retweet,Twitter for iPhone,http://twitter.com/download/iphone,0,0,0,0,991766516315115522,869193235918454786,False,2018-05-02 21:02:33
991785220348227585,2751254297,2018-05-02 21:03:17,en,quote,Twitter for Android,http://twitter.com/download/android,0,0,0,0,991719202208690177,2596413645,False,2018-05-02 21:03:17
991785744623685632,919622839556337664,2018-05-02 21:05:22,en,retweet,Twitter Web Client,http://twitter.com,0,0,0,0,991785562158895106,26538229,False,2018-05-02 21:05:22
991785562158895106,26538229,2018-05-02 21:04:39,en,tweet,Twitter Web Client,http://twitter.com,1,1,0,0,,,False,2018-05-02 21:05:22
991766516315115522,869193235918454786,2018-05-02 19:48:58,en,quote,Twitter Web Client,http://twitter.com,542,933,6,6,991413256714641410,339233372,True,2018-05-02 21:06:58
991413256714641410,339233372,2018-05-01 20:25:14,en,tweet,Twitter for iPhone,http://twitter.com/download/iphone,1084,3750,1557,257,,,False,2018-05-02 21:06:58
991786147255812096,3128894447,2018-05-02 21:06:58,en,retweet,Twitter for iPhone,http://twitter.com/download/iphone,0,0,0,0,991766516315115522,869193235918454786,False,2018-05-02 21:06:58
991690248399794176,25073877,2018-05-02 14:45:54,en,tweet,Twitter for iPhone,http://twitter.com/download/iphone,19979,70548,5490,33658,,,False,2018-05-02 21:08:06
991786432501960704,745980963411267587,2018-05-02 21:08:06,en,retweet,Twitter Web Client,http://twitter.com,0,0,0,0,991690248399794176,25073877,False,2018-05-02 21:08:06
991658119699759104,932305909400907776,2018-05-02 12:38:14,tr,tweet,Twitter Lite,https://mobile.twitter.com,37,33,1,0,,,False,2018-05-02 21:10:10
991786952595820550,214544700,2018-05-02 21:10:10,tr,retweet,Twitter for iPhone,http://twitter.com/download/iphone,0,0,0,0,991658119699759104,932305909400907776,False,2018-05-02 21:10:10
991664937457070080,311118058,2018-05-02 13:05:19,tr,tweet,Twitter for iPhone,http://twitter.com/download/iphone,206,113,0,5,,,False,2018-05-02 21:13:52
991787883706093568,384428299,2018-05-02 21:13:52,tr,retweet,Twitter Web Client,http://twitter.com,0,0,0,0,991664937457070080,311118058,False,2018-05-02 21:13:52
991788034726260736,919622839556337664,2018-05-02 21:14:28,en,tweet,Twitter Web Client,http://twitter.com,0,0,0,0,,,False,2018-05-02 21:14:28
991788118612164609,364610603,2018-05-02 21:14:48,en,retweet,Twitter for Android,http://twitter.com/download/android,0,0,0,0,991704664403046400,954124423,False,2018-05-02 21:14:48
991644818173546496,63110096,2018-05-02 11:45:23,tr,tweet,TweetDeck,https://about.twitter.com/products/tweetdeck,60,63,40,55,,,False,2018-05-02 21:18:27
991705006473662464,934091456981209088,2018-05-02 15:44:33,tr,quote,Twitter for iPhone,http://twitter.com/download/iphone,16,10,0,2,991644818173546496,63110096,False,2018-05-02 21:18:27
991789037148045312,1648905578,2018-05-02 21:18:27,tr,retweet,Twitter for iPhone,http://twitter.com/download/iphone,0,0,0,0,991705006473662464,934091456981209088,False,2018-05-02 21:18:27
986287511927443457,869193235918454786,2018-04-17 16:57:21,und,tweet,Twitter Web Client,http://twitter.com,1240,2539,24,9,,,True,2018-05-02 21:21:02
991789687265267712,97885429,2018-05-02 21:21:02,und,retweet,Twitter for iPhone,http://twitter.com/download/iphone,0,0,0,0,986287511927443457,869193235918454786,False,2018-05-02 21:21:02
991775888290340865,3298302672,2018-05-02 20:26:12,tr,tweet,Twitter for iPhone,http://twitter.com/download/iphone,5,12,0,0,,,False,2018-05-02 21:24:25
991790538717351937,2946167092,2018-05-02 21:24:25,tr,retweet,Twitter for iPhone,http://twitter.com/download/iphone,0,0,0,0,991775888290340865,3298302672,False,2018-05-02 21:24:25
991790685492793344,745320470891880449,2018-05-02 21:25:00,en,retweet,Twitter for Android,http://twitter.com/download/android,0,0,0,0,991790291114917890,869193235918454786,False,2018-05-02 21:25:00
991791767652515840,864394117,2018-05-02 21:29:18,ja,tweet,Twitter Web Client,http://twitter.com,0,0,0,0,,,False,2018-05-02 21:29:18
991791809578848258,2492460663,2018-05-02 21:29:28,en,retweet,Twitter for Android,http://twitter.com/download/android,0,0,0,0,991791572265193473,18118505,False,2018-05-02 21:29:28
991792828786397184,997894658,2018-05-02 21:33:31,tr,retweet,Twitter for iPhone,http://twitter.com/download/iphone,0,0,0,0,991708914029940736,326003773,False,2018-05-02 21:33:31
991792971422027776,2428742198,2018-05-02 21:34:05,en,retweet,Twitter for Android,http://twitter.com/download/android,0,0,0,0,991790291114917890,869193235918454786,False,2018-05-02 21:34:05
991792983996620802,978655495580999682,2018-05-02 21:34:08,und,retweet,Twitter for Android,http://twitter.com/download/android,0,0,0,0,989537339516047361,869193235918454786,False,2018-05-02 21:34:08
989537339516047361,869193235918454786,2018-04-26 16:11:01,und,tweet,Twitter Web Client,http://twitter.com,2072,4153,49,20,,,True,2018-05-02 21:34:08
991794540062412800,833070269119991812,2018-05-02 21:40:19,tr,retweet,Twitter for iPhone,http://twitter.com/download/iphone,0,0,0,0,991370480962691072,311118058,False,2018-05-02 21:40:19
991370480962691072,311118058,2018-05-01 17:35:16,tr,tweet,Twitter for iPhone,http://twitter.com/download/iphone,86,61,0,0,,,False,2018-05-02 21:40:19
991787572337823744,218078497,2018-05-02 21:12:38,tr,tweet,TweetDeck,https://about.twitter.com/products/tweetdeck,16,22,8,7,,,False,2018-05-02 21:40:28
991789265989324800,285994737,2018-05-02 21:19:22,en,quote,Twitter for iPhone,http://twitter.com/download/iphone,2,0,0,0,991787572337823744,218078497,False,2018-05-02 21:40:28
991794577836331009,979785891060305920,2018-05-02 21:40:28,en,retweet,Twitter for Android,http://twitter.com/download/android,0,0,0,0,991789265989324800,285994737,False,2018-05-02 21:40:28
991795920000962560,339281879,2018-05-02 21:45:48,es,retweet,Twitter for iPhone,http://twitter.com/download/iphone,0,0,0,0,991758497443405826,1142312972,False,2018-05-02 21:45:48
991773192611090433,4764985268,2018-05-02 20:15:30,tr,reply,Twitter Web Client,http://twitter.com,1,2,0,0,991771749548285953,4658003200,False,2018-05-02 21:46:02
991795978721284102,968014402552238080,2018-05-02 21:46:02,tr,retweet,Twitter Web Client,http://twitter.com,0,0,0,0,991773192611090433,4764985268,False,2018-05-02 21:46:02
991796305889517568,3089898207,2018-05-02 21:47:20,en,retweet,Twitter for Android,http://twitter.com/download/android,0,0,0,0,991790291114917890,869193235918454786,False,2018-05-02 21:47:20
991796326860902400,11325152,2018-05-02 21:47:25,en,quote,Twitter for Android,http://twitter.com/download/android,0,0,0,0,991746850184224768,955730343021219840,False,2018-05-02 21:47:25
991746850184224768,955730343021219840,2018-05-02 18:30:49,en,tweet,TweetDeck,https://about.twitter.com/products/tweetdeck,8,14,1,0,,,True,2018-05-02 21:47:25
991796901472296960,4764985268,2018-05-02 21:49:42,tr,retweet,Twitter Web Client,http://twitter.com,0,0,0,0,991796880404369409,4764985268,False,2018-05-02 21:49:42
991796880404369409,4764985268,2018-05-02 21:49:37,tr,reply,Twitter Web Client,http://twitter.com,1,0,0,0,991796439008374785,10083862,False,2018-05-02 21:49:42
991796968568643584,301754043,2018-05-02 21:49:58,en,quote,Twitter Web Client,http://twitter.com,0,0,0,0,991790291114917890,869193235918454786,False,2018-05-02 21:49:58
991797551580954624,610341256,2018-05-02 21:52:17,en,retweet,Twitter for iPad,http://twitter.com/#!/download/ipad,0,0,0,0,991719202208690177,2596413645,False,2018-05-02 21:52:17
991685217860640768,926783183584145408,2018-05-02 14:25:55,es,quote,Twitter Web Client,http://twitter.com,282,285,2,99,991582107196633090,1142312972,False,2018-05-02 21:52:36
991797631255969793,950870829461594112,2018-05-02 21:52:36,es,retweet,Twitter for Android,http://twitter.com/download/android,0,0,0,0,991685217860640768,926783183584145408,False,2018-05-02 21:52:36
988874737672744962,869193235918454786,2018-04-24 20:18:04,und,tweet,Twitter Web Client,http://twitter.com,2523,7254,43,13,,,True,2018-05-02 21:53:32
991797866166345728,908650936167526400,2018-05-02 21:53:32,und,retweet,Twitter for Android,http://twitter.com/download/android,0,0,0,0,988874737672744962,869193235918454786,False,2018-05-02 21:53:32
991799229298376705,817214594024239104,2018-05-02 21:58:57,en,retweet,Twitter for iPhone,http://twitter.com/download/iphone,0,0,0,0,991704664403046400,954124423,False,2018-05-02 21:58:57
991800437274742790,1569194448,2018-05-02 22:03:45,tr,retweet,Twitter for iPhone,http://twitter.com/download/iphone,0,0,0,0,991797923322134528,4764985268,False,2018-05-02 22:03:45
712620572249890816,4764985268,2016-03-23 12:42:38,tr,tweet,Twitter Web Client,http://twitter.com,48,134,18,19,,,False,2018-05-02 22:03:45
991797923322134528,4764985268,2018-05-02 21:53:46,tr,quote,Twitter Web Client,http://twitter.com,2,4,1,0,712620572249890816,4764985268,False,2018-05-02 22:03:45
991802857392238594,965277900550410240,2018-05-02 22:13:22,en,quote,Twitter for Android,http://twitter.com/download/android,0,0,0,0,929124219383840769,954124423,False,2018-05-02 22:13:22
929124219383840769,954124423,2017-11-10 23:10:50,en,tweet,Twitter Web Client,http://twitter.com,8619,11690,432,985,,,False,2018-05-02 22:13:22
991803096446767104,788083245158174720,2018-05-02 22:14:19,tr,retweet,Twitter for Android,http://twitter.com/download/android,0,0,0,0,991789368913416192,214544700,False,2018-05-02 22:14:19
991789368913416192,214544700,2018-05-02 21:19:46,tr,tweet,Twitter for iPhone,http://twitter.com/download/iphone,25,14,0,3,,,False,2018-05-02 22:14:19
991803171940036608,2889867227,2018-05-02 22:14:37,tr,retweet,Twitter for Android,http://twitter.com/download/android,0,0,0,0,991617533194227712,487834443,False,2018-05-02 22:14:37
991803524282494981,526110917,2018-05-02 22:16:01,tr,retweet,Twitter for iPhone,http://twitter.com/download/iphone,0,0,0,0,991802799628476416,962800985180721152,False,2018-05-02 22:16:01
991802799628476416,962800985180721152,2018-05-02 22:13:08,tr,reply,Twitter Web Client,http://twitter.com,1,0,0,0,991802223762948096,962800985180721152,False,2018-05-02 22:16:01
991803876612374528,2459717767,2018-05-02 22:17:25,und,reply,Twitter Web Client,http://twitter.com,0,0,0,0,991800273252372480,894032684078518278,False,2018-05-02 22:17:25
991804467988312064,1418050602,2018-05-02 22:19:46,es,retweet,Twitter for Android,http://twitter.com/download/android,0,0,0,0,991582107196633090,1142312972,False,2018-05-02 22:19:46
991597941289881600,487834443,2018-05-02 08:39:06,tr,tweet,Twitter for iPhone,http://twitter.com/download/iphone,132,102,0,7,,,False,2018-05-02 22:21:36
991804929374408704,1575521048,2018-05-02 22:21:36,tr,retweet,Twitter for Android,http://twitter.com/download/android,0,0,0,0,991597941289881600,487834443,False,2018-05-02 22:21:36
991805000681570304,725064846056640512,2018-05-02 22:21:53,de,retweet,Twitter for Android,http://twitter.com/download/android,0,0,0,0,991804155122536449,2596413645,False,2018-05-02 22:21:53
991804155122536449,2596413645,2018-05-02 22:18:32,de,tweet,Twitter for iPad,http://twitter.com/#!/download/ipad,2,7,0,0,,,False,2018-05-02 22:21:53
991805134903558144,2386862304,2018-05-02 22:22:25,ja,tweet,twittbot.net,http://twittbot.net/,0,0,0,0,,,False,2018-05-02 22:22:25
991805675931136000,3319254798,2018-05-02 22:24:34,en,retweet,Twitter for iPhone,http://twitter.com/download/iphone,0,0,0,0,991704664403046400,954124423,False,2018-05-02 22:24:34
991806690952728576,878352770985807873,2018-05-02 22:28:36,fr,retweet,Twitter Web Client,http://twitter.com,0,0,0,0,991806419862212608,243726128,False,2018-05-02 22:28:36
991806419862212608,243726128,2018-05-02 22:27:32,fr,reply,Twitter Web Client,http://twitter.com,1,1,0,0,991796913988128769,878352770985807873,False,2018-05-02 22:28:36
991730160763207680,92460378,2018-05-02 17:24:30,tr,tweet,fuatim,http://www.fuat.com,142,35,2,6,,,False,2018-05-02 22:36:28
991808670701932544,983491215860494336,2018-05-02 22:36:28,tr,retweet,Twitter for Android,http://twitter.com/download/android,0,0,0,0,991730160763207680,92460378,False,2018-05-02 22:36:28
991808775525986306,753029601610330117,2018-05-02 22:36:53,en,retweet,Twitter for Android,http://twitter.com/download/android,0,0,0,0,991790291114917890,869193235918454786,False,2018-05-02 22:36:53
991809169811427328,3197717401,2018-05-02 22:38:27,ja,retweet,Twitter for iPhone,http://twitter.com/download/iphone,0,0,0,0,989172931182784512,1889899296,False,2018-05-02 22:38:27
989172931182784512,1889899296,2018-04-25 16:02:59,ja,tweet,Twitter for iPhone,http://twitter.com/download/iphone,33,67,1,3,,,False,2018-05-02 22:38:27
991809358555172864,2960532245,2018-05-02 22:39:12,und,retweet,Twitter Web Client,http://twitter.com,0,0,0,0,991314587461939200,869193235918454786,False,2018-05-02 22:39:12
991809715079434242,3226948667,2018-05-02 22:40:37,und,retweet,Twitter for Android,http://twitter.com/download/android,0,0,0,0,991742389214765057,869193235918454786,False,2018-05-02 22:40:37
991809874437685248,714280902,2018-05-02 22:41:15,und,retweet,Twitter for Android,http://twitter.com/download/android,0,0,0,0,991742389214765057,869193235918454786,False,2018-05-02 22:41:15
991810717501313025,940163692854960128,2018-05-02 22:44:36,tr,retweet,Twitter for Android,http://twitter.com/download/android,0,0,0,0,991634554250199043,487834443,False,2018-05-02 22:44:36
991634554250199043,487834443,2018-05-02 11:04:36,tr,tweet,Twitter for iPhone,http://twitter.com/download/iphone,159,81,1,2,,,False,2018-05-02 22:44:36
991810860103413761,3092806925,2018-05-02 22:45:10,tr,retweet,Twitter for Android,http://twitter.com/download/android,0,0,0,0,991617533194227712,487834443,False,2018-05-02 22:45:10
991669134734823429,224609329,2018-05-02 13:22:00,tr,tweet,Twitter for Android,http://twitter.com/download/android,2213,8032,129,247,,,False,2018-05-02 22:45:12
991810868504559617,1731656120,2018-05-02 22:45:12,tr,retweet,Twitter for iPad,http://twitter.com/#!/download/ipad,0,0,0,0,991669134734823429,224609329,False,2018-05-02 22:45:12
991595052957929473,282055947,2018-05-02 08:27:38,en,tweet,Twitter Web Client,http://twitter.com,1,0,1,0,,,False,2018-05-02 22:46:58
991811313084100608,2237851962,2018-05-02 22:46:58,en,retweet,Twitter Web Client,http://twitter.com,0,0,0,0,991595052957929473,282055947,False,2018-05-02 22:46:58
991811795429052416,2962172531,2018-05-02 22:48:53,und,retweet,Twitter for Android,http://twitter.com/download/android,0,0,0,0,991742389214765057,869193235918454786,False,2018-05-02 22:48:53
991811975779835904,946127206509527040,2018-05-02 22:49:36,und,retweet,Twitter for iPhone,http://twitter.com/download/iphone,0,0,0,0,990917102566600704,869193235918454786,True,2018-05-02 22:49:36
990917102566600704,869193235918454786,2018-04-30 11:33:42,und,tweet,Twitter Web Client,http://twitter.com,4806,12736,154,73,,,True,2018-05-02 22:49:36
991660576567906304,550116886,2018-05-02 12:48:00,es,quote,Twitter Lite,https://mobile.twitter.com,192,195,1,26,991582107196633090,1142312972,False,2018-05-02 22:50:29
991582107196633090,1142312972,2018-05-02 07:36:11,es,tweet,Twitter for Android,http://twitter.com/download/android,1083,1111,10,332,,,False,2018-05-02 22:50:29
991812198099021824,1565753588,2018-05-02 22:50:29,es,retweet,Twitter for Android,http://twitter.com/download/android,0,0,0,0,991660576567906304,550116886,False,2018-05-02 22:50:29
991479768993402881,22703645,2018-05-02 00:49:32,en,tweet,Twitter Web Client,http://twitter.com,7134,22809,402,1244,,,False,2018-05-02 22:50:33
991812214876028928,494829052,2018-05-02 22:50:33,en,retweet,Twitter for iPhone,http://twitter.com/download/iphone,0,0,0,0,991479768993402881,22703645,False,2018-05-02 22:50:33
991812533647499264,961669737125117952,2018-05-02 22:51:49,tr,retweet,Twitter for iPhone,http://twitter.com/download/iphone,0,0,0,0,991432003332526080,2207137254,False,2018-05-02 22:51:49
991249057422114816,723206253296640000,2018-05-01 09:32:46,tr,tweet,Twitter for iPhone,http://twitter.com/download/iphone,138,110,2,2,,,False,2018-05-02 22:51:49
991432003332526080,2207137254,2018-05-01 21:39:44,tr,quote,Twitter for iPhone,http://twitter.com/download/iphone,166,104,1,8,991249057422114816,723206253296640000,False,2018-05-02 22:51:49
991812726556110848,4847820765,2018-05-02 22:52:35,und,retweet,Twitter for Android,http://twitter.com/download/android,0,0,0,0,991314489885839360,869193235918454786,False,2018-05-02 22:52:35
991813791926104064,2200055569,2018-05-02 22:56:49,tr,retweet,Twitter for Android,http://twitter.com/download/android,0,0,0,0,991724707799076865,92460378,False,2018-05-02 22:56:49
991814119073476608,724984265994285056,2018-05-02 22:58:07,tr,retweet,Twitter for iPhone,http://twitter.com/download/iphone,0,0,0,0,991735673437605888,872403805148553216,False,2018-05-02 22:58:07
991735673437605888,872403805148553216,2018-05-02 17:46:24,tr,tweet,Twitter Lite,https://mobile.twitter.com,411,934,4,30,,,False,2018-05-02 22:58:07
991816123946545153,605731629,2018-05-02 23:06:05,en,retweet,Twitter Web Client,http://twitter.com,0,0,0,0,991704664403046400,954124423,False,2018-05-02 23:06:05
991431284571467776,248829087,2018-05-01 21:36:52,tr,tweet,Twitter for iPhone,http://twitter.com/download/iphone,138,92,1,2,,,False,2018-05-02 23:08:15
991816669239574528,970812182,2018-05-02 23:08:15,tr,retweet,Twitter for Android,http://twitter.com/download/android,0,0,0,0,991431284571467776,248829087,False,2018-05-02 23:08:15
991818044971286529,2983714610,2018-05-02 23:13:43,tr,retweet,Twitter for Android,http://twitter.com/download/android,0,0,0,0,991816833681575936,4764985268,False,2018-05-02 23:13:43
991816833681575936,4764985268,2018-05-02 23:08:54,tr,tweet,Twitter Web Client,http://twitter.com,3,10,0,2,,,False,2018-05-02 23:13:43
991818304993013760,762410408867012608,2018-05-02 23:14:45,tr,retweet,Twitter for Android,http://twitter.com/download/android,0,0,0,0,991773059492253702,723206253296640000,False,2018-05-02 23:14:45
991819261319532545,919622839556337664,2018-05-02 23:18:33,de,tweet,Twitter Web Client,http://twitter.com,0,0,0,0,,,False,2018-05-02 23:18:33
991819605214720000,885109490512801792,2018-05-02 23:19:55,tr,retweet,Twitter for iPhone,http://twitter.com/download/iphone,0,0,0,0,991708914029940736,326003773,False,2018-05-02 23:19:55
991819848505286656,1696233198,2018-05-02 23:20:53,en,retweet,Twitter for Android,http://twitter.com/download/android,0,0,0,0,991750218612985856,1728451099,False,2018-05-02 23:20:53
991750218612985856,1728451099,2018-05-02 18:44:12,en,tweet,Twitter for iPhone,http://twitter.com/download/iphone,53,76,8,9,,,False,2018-05-02 23:20:53
991820586702618624,2722337933,2018-05-02 23:23:49,tr,retweet,Twitter for iPhone,http://twitter.com/download/iphone,0,0,0,0,991708914029940736,326003773,False,2018-05-02 23:23:49
991314587461939200,869193235918454786,2018-05-01 13:53:10,und,tweet,Twitter Web Client,http://twitter.com,1689,3481,47,15,,,True,2018-05-02 23:25:23
991820980971540482,2597206393,2018-05-02 23:25:23,und,retweet,Twitter for Android,http://twitter.com/download/android,0,0,0,0,991314587461939200,869193235918454786,False,2018-05-02 23:25:23
991825011701944323,4852463193,2018-05-02 23:41:24,en,retweet,Twitter for iPhone,http://twitter.com/download/iphone,0,0,0,0,991802695890735104,248829087,False,2018-05-02 23:41:24
991742389214765057,869193235918454786,2018-05-02 18:13:05,und,tweet,Twitter Web Client,http://twitter.com,728,1508,33,3,,,True,2018-05-02 23:55:17
991828505557057536,3244598766,2018-05-02 23:55:17,und,retweet,Twitter for iPhone,http://twitter.com/download/iphone,0,0,0,0,991742389214765057,869193235918454786,False,2018-05-02 23:55:17
991617533194227712,487834443,2018-05-02 09:56:57,tr,tweet,Twitter for iPhone,http://twitter.com/download/iphone,899,528,22,22,,,False,2018-05-03 00:05:48
991831152167022592,1178028691,2018-05-03 00:05:48,tr,retweet,Twitter for iPhone,http://twitter.com/download/iphone,0,0,0,0,991617533194227712,487834443,False,2018-05-03 00:05:48
991831810639302656,3323960308,2018-05-03 00:08:25,und,retweet,Twitter for Android,http://twitter.com/download/android,0,0,0,0,991742425734569985,869193235918454786,False,2018-05-03 00:08:25
991742425734569985,869193235918454786,2018-05-02 18:13:14,und,tweet,Twitter Web Client,http://twitter.com,620,1692,21,9,,,True,2018-05-03 00:08:25
991834448877576192,2868857680,2018-05-03 00:18:54,und,retweet,Twitter for iPhone,http://twitter.com/download/iphone,0,0,0,0,991314489885839360,869193235918454786,False,2018-05-03 00:18:54
991802695890735104,248829087,2018-05-02 22:12:44,en,tweet,Twitter for iPhone,http://twitter.com/download/iphone,44,25,1,0,,,False,2018-05-03 00:19:53
991834696354091014,1100079385,2018-05-03 00:19:53,en,retweet,Twitter for iPhone,http://twitter.com/download/iphone,0,0,0,0,991802695890735104,248829087,False,2018-05-03 00:19:53
991644924973125633,1480212992,2018-05-02 11:45:48,tr,tweet,Twitter Web Client,http://twitter.com,202,713,10,4,,,False,2018-05-03 00:30:02
991837250664181760,2400684383,2018-05-03 00:30:02,tr,retweet,Twitter for Android,http://twitter.com/download/android,0,0,0,0,991644924973125633,1480212992,False,2018-05-03 00:30:02
991299358388781056,956988729402560513,2018-05-01 12:52:39,en,tweet,Twitter for Android,http://twitter.com/download/android,46,62,1,3,,,False,2018-05-03 00:31:00
991837493946470401,863105632576180228,2018-05-03 00:31:00,en,retweet,Twitter for Android,http://twitter.com/download/android,0,0,0,0,991299358388781056,956988729402560513,False,2018-05-03 00:31:00
991699853523718147,15738333,2018-05-02 15:24:04,en,tweet,Twitter Web Client,http://twitter.com,15,9,0,2,,,False,2018-05-03 00:43:49
991840719349297153,92460378,2018-05-03 00:43:49,en,retweet,Twitter Web Client,http://twitter.com,0,0,0,0,991699853523718147,15738333,False,2018-05-03 00:43:49
991433449704747008,847735496633536512,2018-05-01 21:45:29,en,tweet,Twitter for iPhone,http://twitter.com/download/iphone,82,50,5,3,,,False,2018-05-03 00:44:52
991840983619850240,817578873856659457,2018-05-03 00:44:52,en,retweet,Twitter Lite,https://mobile.twitter.com,0,0,0,0,991433449704747008,847735496633536512,False,2018-05-03 00:44:52
991841591789678592,931706188588339212,2018-05-03 00:47:17,tr,retweet,Twitter for iPhone,http://twitter.com/download/iphone,0,0,0,0,991810393034158080,214544700,False,2018-05-03 00:47:17
991810393034158080,214544700,2018-05-02 22:43:19,tr,tweet,Twitter for iPhone,http://twitter.com/download/iphone,18,20,1,3,,,False,2018-05-03 00:47:17
991128687805370370,958807578133389318,2018-05-01 01:34:28,es,tweet,Twitter for Android,http://twitter.com/download/android,41,192,2,3,,,True,2018-05-03 00:50:21
991842363533242368,959114422349369345,2018-05-03 00:50:21,es,retweet,Twitter for Android,http://twitter.com/download/android,0,0,0,0,991128687805370370,958807578133389318,False,2018-05-03 00:50:21
991671768862658561,963508481780322304,2018-05-02 13:32:28,tr,reply,Twitter Web Client,http://twitter.com,86,48,4,4,991648873654386688,963508481780322304,False,2018-05-03 00:50:31
991701817460494336,420629175,2018-05-02 15:31:52,tr,quote,Twitter for iPhone,http://twitter.com/download/iphone,393,158,2,5,991671768862658561,963508481780322304,False,2018-05-03 00:50:31
991842405467934725,914008442364248065,2018-05-03 00:50:31,tr,retweet,Twitter Web Client,http://twitter.com,0,0,0,0,991701817460494336,420629175,False,2018-05-03 00:50:31
991843932215504896,829833949711052805,2018-05-03 00:56:35,en,retweet,Twitter for Android,http://twitter.com/download/android,0,0,0,0,991704664403046400,954124423,False,2018-05-03 00:56:35
991723805092478976,704391334128394240,2018-05-02 16:59:15,en,tweet,Twitter for iPhone,http://twitter.com/download/iphone,15,46,1,2,,,False,2018-05-03 00:58:00
991844288731516929,919622839556337664,2018-05-03 00:58:00,en,retweet,Twitter Web Client,http://twitter.com,0,0,0,0,991723805092478976,704391334128394240,False,2018-05-03 00:58:00
991852604115357696,327610738,2018-05-03 01:31:03,en,reply,Twitter for Android,http://twitter.com/download/android,1,1,0,0,991851737366528000,2177097448,False,2018-05-03 01:33:13
991853151295868930,2177097448,2018-05-03 01:33:13,en,retweet,Twitter for Android,http://twitter.com/download/android,0,0,0,0,991852604115357696,327610738,False,2018-05-03 01:33:13
991853948184268800,360308302,2018-05-03 01:36:23,en,retweet,Twitter for iPad,http://twitter.com/#!/download/ipad,0,0,0,0,991719202208690177,2596413645,False,2018-05-03 01:36:23
991853539570868224,591505507,2018-05-03 01:34:46,en,tweet,Twitter Web Client,http://twitter.com,2,1,0,1,,,False,2018-05-03 01:36:29
991853973370847233,2596413645,2018-05-03 01:36:29,en,retweet,Twitter for iPad,http://twitter.com/#!/download/ipad,0,0,0,0,991853539570868224,591505507,False,2018-05-03 01:36:29
991857081320853504,932891839312654336,2018-05-03 01:48:50,tr,retweet,Twitter for iPhone,http://twitter.com/download/iphone,0,0,0,0,991843945968644097,326003773,False,2018-05-03 01:48:50
991858255747002369,98996662,2018-05-03 01:53:30,en,reply,Twitter Web Client,http://twitter.com,0,0,0,0,991857370404810754,1029468187,False,2018-05-03 01:53:30
991860625512062976,1374607968,2018-05-03 02:02:55,en,retweet,Twitter Web Client,http://twitter.com,0,0,0,0,991719202208690177,2596413645,False,2018-05-03 02:02:55
991863129544966145,874808244379766784,2018-05-03 02:12:52,en,retweet,Twitter for iPhone,http://twitter.com/download/iphone,0,0,0,0,991704664403046400,954124423,False,2018-05-03 02:12:52
991865792919625728,490794413,2018-05-03 02:23:27,en,retweet,Twitter for iPhone,http://twitter.com/download/iphone,0,0,0,0,991704664403046400,954124423,False,2018-05-03 02:23:27
991866417879363591,985274562744119298,2018-05-03 02:25:56,en,retweet,Twitter Lite,https://mobile.twitter.com,0,0,0,0,991783242360672256,801534913254195200,False,2018-05-03 02:25:56
991783242360672256,801534913254195200,2018-05-02 20:55:26,en,quote,Twitter for Android,http://twitter.com/download/android,6,14,0,0,991751495484919808,98996662,False,2018-05-03 02:25:56
991866812135550976,775432673439338497,2018-05-03 02:27:30,en,retweet,Twitter for Android,http://twitter.com/download/android,0,0,0,0,991719202208690177,2596413645,False,2018-05-03 02:27:30
991719202208690177,2596413645,2018-05-02 16:40:57,en,tweet,Twitter for iPad,http://twitter.com/#!/download/ipad,664,801,82,132,,,False,2018-05-03 02:27:30
991867323840679937,903386195207626752,2018-05-03 02:29:32,en,retweet,Twitter Lite,https://mobile.twitter.com,0,0,0,0,991791572265193473,18118505,False,2018-05-03 02:29:32
991791572265193473,18118505,2018-05-02 21:28:32,en,tweet,WordPress.com,http://publicize.wp.com/,28,34,2,4,,,True,2018-05-03 02:29:32
991868837963251712,818376740053495808,2018-05-03 02:35:33,tr,retweet,Twitter for iPhone,http://twitter.com/download/iphone,0,0,0,0,991561969470787584,843124666931822592,False,2018-05-03 02:35:33
991561969470787584,843124666931822592,2018-05-02 06:16:10,tr,tweet,Twitter Web Client,http://twitter.com,44,32,0,0,,,False,2018-05-03 02:35:33
991872356975984641,556246733,2018-05-03 02:49:32,en,retweet,Twitter Web Client,http://twitter.com,0,0,0,0,991704664403046400,954124423,False,2018-05-03 02:49:32
991872503805968385,754894004328787968,2018-05-03 02:50:07,en,retweet,Twitter Web Client,http://twitter.com,0,0,0,0,990439126540390400,954124423,False,2018-05-03 02:50:07
990439126540390400,954124423,2018-04-29 03:54:23,en,tweet,Twitter Web Client,http://twitter.com,5167,4913,352,407,,,False,2018-05-03 02:50:07
991752334626586624,2596413645,2018-05-02 18:52:37,en,tweet,Twitter for iPhone,http://twitter.com/download/iphone,306,467,9,15,,,False,2018-05-03 02:56:17
991874055685918723,3762456856,2018-05-03 02:56:17,en,retweet,Twitter for Android,http://twitter.com/download/android,0,0,0,0,991752334626586624,2596413645,False,2018-05-03 02:56:17
991876144436625408,1690876802,2018-05-03 03:04:35,en,retweet,Twitter for Android,http://twitter.com/download/android,0,0,0,0,991704664403046400,954124423,False,2018-05-03 03:04:35
991876530321084416,547524046,2018-05-03 03:06:07,und,retweet,Twitter for Android,http://twitter.com/download/android,0,0,0,0,985349652831768576,869193235918454786,True,2018-05-03 03:06:07
985349652831768576,869193235918454786,2018-04-15 02:50:38,und,tweet,Twitter Web Client,http://twitter.com,1224,3307,55,20,,,True,2018-05-03 03:06:07
991876568090796032,2173508552,2018-05-03 03:06:16,en,retweet,dlvr.it,https://dlvrit.com/,0,0,0,0,991875009604812800,897619242,False,2018-05-03 03:06:16
991875009604812800,897619242,2018-05-03 03:00:05,en,tweet,Sprout Social,http://sproutsocial.com,1,1,0,0,,,False,2018-05-03 03:06:16
991879160153952256,2525078319,2018-05-03 03:16:34,tr,retweet,Twitter for Android,http://twitter.com/download/android,0,0,0,0,991724707799076865,92460378,False,2018-05-03 03:16:34
991724707799076865,92460378,2018-05-02 17:02:50,tr,tweet,Twitter Web Client,http://twitter.com,619,421,9,16,,,False,2018-05-03 03:20:26
991880133224157184,760544961246801921,2018-05-03 03:20:26,tr,retweet,Twitter for iPhone,http://twitter.com/download/iphone,0,0,0,0,991724707799076865,92460378,False,2018-05-03 03:20:26
991596953149628417,963106200,2018-05-02 08:35:11,tr,tweet,Twitter Web Client,http://twitter.com,114,68,2,0,,,False,2018-05-03 03:38:40
991884721817780226,241659517,2018-05-03 03:38:40,tr,retweet,Twitter for iPhone,http://twitter.com/download/iphone,0,0,0,0,991596953149628417,963106200,False,2018-05-03 03:38:40
991886470829883392,806465743957225474,2018-05-03 03:45:37,en,tweet,Twitter for Android,http://twitter.com/download/android,0,0,0,0,,,False,2018-05-03 03:45:37
991806155608543233,991369146976931840,2018-05-02 22:26:29,und,tweet,Twitter Web Client,http://twitter.com,80,91,7,6,,,False,2018-05-03 03:48:37
991843945968644097,326003773,2018-05-03 00:56:38,tr,quote,Twitter for iPad,http://twitter.com/#!/download/ipad,237,184,2,12,991806155608543233,991369146976931840,False,2018-05-03 03:48:37
991887225804615681,857317944669466624,2018-05-03 03:48:37,tr,retweet,Twitter for Android,http://twitter.com/download/android,0,0,0,0,991843945968644097,326003773,False,2018-05-03 03:48:37
991887951427653632,2879420413,2018-05-03 03:51:30,en,retweet,Twitter for Android,http://twitter.com/download/android,0,0,0,0,991790291114917890,869193235918454786,False,2018-05-03 03:51:30
991491355573653509,898224650177662977,2018-05-02 01:35:34,tr,tweet,Twitter for Android,http://twitter.com/download/android,127,59,1,1,,,False,2018-05-03 04:05:00
991891348822212609,724984265994285056,2018-05-03 04:05:00,tr,retweet,Twitter for iPhone,http://twitter.com/download/iphone,0,0,0,0,991491355573653509,898224650177662977,False,2018-05-03 04:05:00
991892439328636928,1142312972,2018-05-03 04:09:20,es,retweet,Twitter for Android,http://twitter.com/download/android,0,0,0,0,991808952030711808,440336544,False,2018-05-03 04:09:20
991808952030711808,440336544,2018-05-02 22:37:35,es,tweet,Twitter for Android,http://twitter.com/download/android,12,21,0,2,,,False,2018-05-03 04:09:20
991894410626400257,580829419,2018-05-03 04:17:10,en,retweet,Twitter for iPad,http://twitter.com/#!/download/ipad,0,0,0,0,991781703248117761,18118505,False,2018-05-03 04:17:10
991781703248117761,18118505,2018-05-02 20:49:19,en,tweet,WordPress.com,http://publicize.wp.com/,2,2,1,0,,,True,2018-05-03 04:17:10
991831850413973504,71026395,2018-05-03 00:08:35,en,tweet,Twitter for Android,http://twitter.com/download/android,8,9,2,1,,,False,2018-05-03 04:19:35
991844747386937344,31270875,2018-05-03 00:59:50,und,quote,Twitter for Android,http://twitter.com/download/android,3,5,0,0,991831850413973504,71026395,False,2018-05-03 04:19:35
991895018800529408,738153522277945344,2018-05-03 04:19:35,und,retweet,Twitter for Android,http://twitter.com/download/android,0,0,0,0,991844747386937344,31270875,False,2018-05-03 04:19:35
991751495484919808,98996662,2018-05-02 18:49:17,en,tweet,Twitter Web Client,http://twitter.com,16,40,2,2,,,False,2018-05-03 04:19:43
991895052384432128,855412122469183488,2018-05-03 04:19:43,en,retweet,Twitter for iPhone,http://twitter.com/download/iphone,0,0,0,0,991751495484919808,98996662,False,2018-05-03 04:19:43
991895492782014465,3439451811,2018-05-03 04:21:28,es,retweet,Twitter for Android,http://twitter.com/download/android,0,0,0,0,991692353235836928,972018874014224384,False,2018-05-03 04:21:28
991692353235836928,972018874014224384,2018-05-02 14:54:16,es,tweet,Twitter Lite,https://mobile.twitter.com,14,24,0,1,,,False,2018-05-03 04:21:28
991798147339956224,2532821389,2018-05-02 21:54:39,tr,tweet,Twitter for Android,http://twitter.com/download/android,217,180,12,22,,,False,2018-05-03 04:24:40
991896243461910528,2897665331,2018-05-03 04:24:27,tr,quote,Twitter for iPhone,http://twitter.com/download/iphone,1,0,0,0,991798147339956224,2532821389,False,2018-05-03 04:24:40
991896298096943104,526110917,2018-05-03 04:24:40,tr,retweet,Twitter for iPhone,http://twitter.com/download/iphone,0,0,0,0,991896243461910528,2897665331,False,2018-05-03 04:24:40
991896988026359808,2290222724,2018-05-03 04:27:25,en,quote,Twitter for iPhone,http://twitter.com/download/iphone,1,0,0,0,991704664403046400,954124423,False,2018-05-03 04:29:48
991897589908983808,2290222724,2018-05-03 04:29:48,en,retweet,Twitter for iPhone,http://twitter.com/download/iphone,0,0,0,0,991896988026359808,2290222724,False,2018-05-03 04:29:48
991899708061863937,1442695026,2018-05-03 04:38:13,in,tweet,IFTTT,https://ifttt.com,0,0,0,0,,,False,2018-05-03 04:38:13
991905965963440128,944241782501597185,2018-05-03 05:03:05,es,retweet,Twitter for Android,http://twitter.com/download/android,0,0,0,0,991758497443405826,1142312972,False,2018-05-03 05:03:05
991758497443405826,1142312972,2018-05-02 19:17:06,es,tweet,Twitter for Android,http://twitter.com/download/android,226,418,2,30,,,False,2018-05-03 05:03:05
991735077385199616,92460378,2018-05-02 17:44:02,tr,tweet,Twitter Web Client,http://twitter.com,61,70,2,7,,,False,2018-05-03 05:18:24
991909820528779265,767854763211886593,2018-05-03 05:18:24,tr,retweet,Twitter for iPhone,http://twitter.com/download/iphone,0,0,0,0,991735077385199616,92460378,False,2018-05-03 05:18:24
991910386730401797,894945255329497088,2018-05-03 05:20:39,tr,retweet,Twitter for Android,http://twitter.com/download/android,0,0,0,0,991773059492253702,723206253296640000,False,2018-05-03 05:20:39
991773059492253702,723206253296640000,2018-05-02 20:14:58,tr,tweet,Twitter for iPhone,http://twitter.com/download/iphone,135,43,4,1,,,False,2018-05-03 05:20:39
991911921883398145,811487629732519936,2018-05-03 05:26:45,en,retweet,Twitter Web Client,http://twitter.com,0,0,0,0,991660402244108289,287843201,False,2018-05-03 05:26:45
991660402244108289,287843201,2018-05-02 12:47:18,en,tweet,Twitter Web Client,http://twitter.com,63,68,2,1,,,False,2018-05-03 05:26:45
991704664403046400,954124423,2018-05-02 15:43:11,en,tweet,Twitter Web Client,http://twitter.com,1983,1386,256,431,,,False,2018-05-03 05:27:09
991912022542503936,829206914496094209,2018-05-03 05:27:09,en,retweet,Twitter for iPhone,http://twitter.com/download/iphone,0,0,0,0,991704664403046400,954124423,False,2018-05-03 05:27:09
991747130967588865,4764985268,2018-05-02 18:31:56,tr,tweet,Twitter Web Client,http://twitter.com,138,485,12,29,,,False,2018-05-03 05:34:52
991913964484399104,2565653759,2018-05-03 05:34:52,tr,retweet,Twitter for Android,http://twitter.com/download/android,0,0,0,0,991747130967588865,4764985268,False,2018-05-03 05:34:52
991790291114917890,869193235918454786,2018-05-02 21:23:26,en,tweet,Twitter Web Client,http://twitter.com,532,1907,28,8,,,True,2018-05-03 05:42:53
991915981948645376,837856498835283970,2018-05-03 05:42:53,en,retweet,Twitter Web Client,http://twitter.com,0,0,0,0,991790291114917890,869193235918454786,False,2018-05-03 05:42:53
991876091907207168,925605007482851328,2018-05-03 03:04:23,en,tweet,Twitter for Android,http://twitter.com/download/android,19,50,5,16,,,False,2018-05-03 05:43:43
991916191676620800,1493827735,2018-05-03 05:43:43,en,quote,Twitter for Android,http://twitter.com/download/android,0,0,0,0,991876091907207168,925605007482851328,False,2018-05-03 05:43:43
991917898733010944,599782570,2018-05-03 05:50:30,und,retweet,Twitter for Android,http://twitter.com/download/android,0,0,0,0,991314489885839360,869193235918454786,False,2018-05-03 05:50:30
991314489885839360,869193235918454786,2018-05-01 13:52:46,und,tweet,Twitter Web Client,http://twitter.com,2787,4381,68,11,,,True,2018-05-03 05:50:30
991766893638946822,280921458,2018-05-02 19:50:28,tr,tweet,Twitter for iPhone,http://twitter.com/download/iphone,521,1364,27,65,,,False,2018-05-03 05:51:47
991918221707173888,1137779952,2018-05-03 05:51:47,tr,retweet,Twitter for iPad,http://twitter.com/#!/download/ipad,0,0,0,0,991766893638946822,280921458,False,2018-05-03 05:51:47
991708914029940736,326003773,2018-05-02 16:00:04,tr,tweet,Twitter for iPad,http://twitter.com/#!/download/ipad,506,317,5,14,,,False,2018-05-03 05:53:26
991918636926414848,180131554,2018-05-03 05:53:26,tr,retweet,Twitter for Android,http://twitter.com/download/android,0,0,0,0,991708914029940736,326003773,False,2018-05-03 05:53:26
984469208888045568,2695922588,2018-04-12 16:32:04,ar,tweet,erased9222735,http://erased9222735.com,204,0,0,0,,,False,2018-05-03 05:56:21
991919370933686274,980747573077135360,2018-05-03 05:56:21,ar,retweet,botynetfollow,http://twitter-videos.com/twitter/cpnl/api_setting,0,0,0,0,984469208888045568,2695922588,False,2018-05-03 05:56:21
991902246777405440,1142312972,2018-05-03 04:48:18,es,tweet,Twitter for Android,http://twitter.com/download/android,22,20,1,1,,,True,2018-05-03 05:59:34
991920180442927105,829611235,2018-05-03 05:59:34,es,retweet,Twitter for Android,http://twitter.com/download/android,0,0,0,0,991902246777405440,1142312972,False,2018-05-03 05:59:34
